loan_amount,annual_income,employment_length,debt_to_income,credit_utilization,num_delinquencies_2y,num_open_accounts,credit_history_length,num_recent_inquiries,loan_term_months,interest_rate,home_ownership_code
20558.0,36942.0,6.0,0.3119,0.5807,1,10,15.7,3,36,16.27,0
9129.0,71673.0,2.0,0.536,0.5495,0,7,5.5,1,60,15.4,1
19602.0,66994.0,6.5,0.2969,0.3543,0,3,26.7,0,36,11.16,1
11597.0,28137.0,2.6,0.2622,0.4702,0,8,18.0,1,36,10.92,1
16585.0,31289.0,8.7,0.9052,0.2579,1,9,14.6,0,36,17.34,0
6853.0,27898.0,10.2,0.3009,0.6192,0,9,8.1,0,60,12.3,1
10799.0,48284.0,4.6,0.1818,0.3894,1,16,4.1,2,60,9.46,0
48053.0,35312.0,4.9,0.2002,0.1559,0,8,5.1,1,60,8.72,0
16236.0,52757.0,1.5,0.5425,0.0422,0,10,25.9,1,60,13.54,0
18040.0,14420.0,2.5,0.1601,0.8555,1,9,1.5,3,36,16.66,1
11362.0,79481.0,0.9,0.3803,0.3003,0,8,19.3,3,36,12.91,1
16520.0,34606.0,7.7,0.1443,0.5621,0,8,10.9,1,60,10.63,0
4916.0,51031.0,10.4,0.2426,0.5621,0,8,6.7,0,36,12.06,1
5924.0,33919.0,1.1,0.1356,0.0993,2,4,18.6,1,36,10.38,1
12764.0,30045.0,3.4,0.1757,0.234,2,11,4.7,0,36,9.04,1
16138.0,45778.0,10.7,0.6319,0.3108,0,6,12.5,0,36,11.5,1
7712.0,54844.0,4.9,0.4601,0.7263,1,8,12.6,1,60,19.91,0
8811.0,32818.0,2.1,0.0853,0.1878,0,12,6.8,0,60,7.39,2
7934.0,33645.0,2.3,0.5694,0.0891,1,7,21.2,1,36,13.65,0
8804.0,51167.0,6.4,0.1607,0.3999,1,12,5.6,1,60,12.05,1
4793.0,23502.0,10.4,0.0766,0.3469,0,14,19.7,5,36,13.22,0
4168.0,17031.0,3.1,0.1221,0.3003,1,10,7.9,2,36,12.68,0
9371.0,44245.0,1.4,0.6093,0.1162,0,5,16.7,1,60,13.05,0
3468.0,25971.0,10.0,0.3126,0.1227,0,9,9.5,1,36,9.71,1
5466.0,13903.0,10.4,0.3266,0.6049,1,7,1.5,2,36,15.01,2
6613.0,24173.0,4.2,0.3154,0.0677,1,8,10.0,2,60,11.89,0
5222.0,28744.0,3.7,0.7497,0.4508,1,6,12.5,0,36,19.04,0
11325.0,19998.0,12.1,0.3395,0.5278,0,3,46.5,5,36,18.71,1
7507.0,17219.0,3.0,0.4675,0.36,0,13,15.4,2,60,15.01,1
9339.0,36987.0,7.7,0.6196,0.6914,2,8,6.8,0,36,20.63,0
5343.0,56876.0,5.6,0.6224,0.5282,1,11,8.8,1,36,15.97,0
6272.0,32320.0,1.0,0.2692,0.1482,0,7,26.8,3,36,10.5,0
13303.0,25039.0,5.7,0.8146,0.7875,0,2,7.7,0,36,14.69,2
12156.0,44024.0,1.4,0.5592,0.567,0,4,6.1,0,60,15.64,1
7391.0,51980.0,2.2,0.7957,0.4229,1,4,12.6,3,60,19.89,0
12146.0,31257.0,2.0,0.2173,0.1994,0,4,3.8,2,36,8.89,2
10921.0,47683.0,14.9,0.3959,0.6886,1,8,14.2,2,36,17.25,0
10732.0,61172.0,11.7,0.4476,0.3342,0,9,15.8,0,36,11.54,0
25377.0,32746.0,1.8,0.3632,0.3904,0,8,3.0,0,36,11.9,1
7660.0,24179.0,2.1,0.5271,0.2265,0,11,9.1,0,36,13.55,1
12524.0,43210.0,1.7,0.0206,0.2698,0,9,16.5,1,36,9.49,0
12534.0,41100.0,7.6,0.6327,0.493,0,10,20.8,0,36,14.53,1
8454.0,62907.0,8.7,0.9106,0.3082,0,13,26.3,3,36,17.79,0
4834.0,19105.0,2.5,0.5266,0.7868,0,8,8.5,2,60,18.49,1
14711.0,26087.0,0.8,0.4437,0.6318,0,7,13.5,2,36,13.69,1
11366.0,23883.0,0.9,0.4975,0.5736,0,12,6.5,0,36,14.36,0
10001.0,15260.0,0.8,0.2694,0.3638,0,14,11.7,0,36,11.93,0
9838.0,38685.0,6.7,0.2117,0.5965,0,9,9.1,4,36,16.69,1
9820.0,47283.0,3.0,0.2924,0.2635,0,8,9.5,2,36,9.53,1
5666.0,25100.0,5.4,0.1143,0.3757,0,11,15.6,0,36,10.02,2
11536.0,72608.0,7.8,0.3406,0.0513,2,10,33.8,2,36,12.98,2
3279.0,54774.0,1.6,0.0681,0.5711,1,4,10.0,0,36,10.88,0
9516.0,49696.0,6.5,0.3685,0.3661,0,7,10.9,0,36,12.81,1
3936.0,44394.0,14.2,0.2695,0.7663,0,4,4.4,0,36,13.33,0
7813.0,58562.0,2.1,0.2866,0.2592,0,13,7.2,0,36,6.22,0
14813.0,18658.0,5.2,0.2999,0.2228,0,13,8.5,2,36,12.64,1
8249.0,49363.0,13.4,0.3422,0.5187,0,8,21.3,3,60,12.97,1
7222.0,49089.0,6.4,0.3941,0.3347,0,6,6.2,1,36,13.13,1
13098.0,15005.0,11.8,0.3198,0.4425,0,9,9.6,3,36,13.05,0
8183.0,43197.0,10.8,0.8754,0.5683,0,10,10.6,3,36,18.58,0
7526.0,32042.0,5.6,0.11,0.1186,0,8,11.3,0,36,7.68,0
7588.0,53678.0,4.3,0.4368,0.6385,1,8,11.3,0,60,15.72,0
23789.0,29158.0,14.3,0.7988,0.4675,1,9,15.0,2,36,17.34,1
14299.0,35986.0,4.5,0.3433,0.1495,0,10,8.9,1,60,12.57,1
12802.0,43106.0,11.3,0.2314,0.4979,0,7,25.9,1,60,10.98,0
4695.0,23432.0,4.9,0.5134,0.4206,0,10,21.6,1,60,14.5,1
13896.0,48986.0,7.3,0.1054,0.532,0,8,9.8,1,36,13.51,0
4410.0,34459.0,3.4,0.5759,0.3336,0,9,23.7,1,60,13.39,0
12766.0,46455.0,3.7,0.0776,0.4455,0,11,18.6,0,60,9.73,1
4900.0,27975.0,4.6,0.1734,0.7788,0,10,16.8,0,36,13.21,2
30865.0,62511.0,4.9,0.879,0.4786,0,7,29.5,1,60,18.81,1
3482.0,49148.0,19.9,0.9099,0.5518,0,11,17.9,3,60,21.33,2
19893.0,33223.0,6.3,0.7371,0.6446,1,5,10.6,1,36,18.68,0
15450.0,49810.0,0.5,0.4018,0.1718,0,9,5.9,2,60,12.33,0
3292.0,68178.0,1.7,0.7499,0.4835,1,5,8.9,0,36,17.14,0
8265.0,88928.0,21.7,0.8311,0.1086,0,11,9.9,0,36,13.44,1
22709.0,16535.0,11.3,0.7992,0.2097,0,13,19.0,0,60,11.81,0
18871.0,56476.0,14.3,0.5321,0.3771,0,12,9.6,5,36,17.52,0
3528.0,45823.0,0.3,0.1669,0.4411,0,7,12.7,3,36,12.59,2
6984.0,34651.0,5.8,0.3194,0.3658,0,11,4.2,1,36,15.75,1
4718.0,21953.0,10.7,0.9044,0.2303,0,11,9.3,0,36,14.83,0
5158.0,68091.0,10.8,0.3533,0.2594,0,13,13.4,0,36,8.95,1
6487.0,19325.0,2.6,0.1947,0.1229,0,11,6.7,1,36,8.35,1
28777.0,48217.0,9.0,0.2048,0.4628,0,8,20.1,1,36,10.61,0
10326.0,69629.0,9.1,0.1826,0.5153,1,8,12.3,2,36,14.27,1
8323.0,16320.0,8.8,0.0267,0.3019,0,9,9.9,0,36,7.33,2
7795.0,31218.0,3.5,0.7329,0.6559,1,9,14.2,0,36,18.53,0
14208.0,18871.0,6.0,0.2207,0.1043,0,8,22.2,0,36,7.74,1
14420.0,41029.0,4.0,0.3274,0.2778,0,10,8.4,0,36,9.83,2
5488.0,77434.0,8.1,0.2484,0.2534,1,9,2.7,0,36,11.16,1
22969.0,99885.0,15.0,0.3828,0.2199,0,8,8.9,0,36,10.88,2
4974.0,14927.0,1.8,0.2445,0.2048,0,9,6.1,2,36,8.95,1
8064.0,27242.0,14.6,0.1756,0.4798,0,3,12.1,1,36,11.9,1
12477.0,51626.0,2.3,0.7861,0.5135,0,15,22.0,2,36,17.41,1
26571.0,79992.0,2.8,0.5724,0.7046,1,10,9.2,1,36,20.17,0
7735.0,44829.0,13.8,0.685,0.7457,0,6,14.9,1,36,17.12,0
11301.0,25007.0,5.6,0.3164,0.6105,0,14,24.4,3,36,15.35,1
20796.0,42132.0,4.8,0.4843,0.3795,0,9,8.7,1,60,12.01,0
13835.0,36015.0,9.2,0.426,0.1541,0,5,6.5,1,36,12.31,1
18718.0,32798.0,5.4,0.2999,0.4541,0,10,6.0,3,36,12.99,2
17746.0,25154.0,6.8,0.0893,0.3162,0,9,2.9,2,36,10.53,0
11124.0,44074.0,17.9,0.2132,0.4404,1,12,1.1,2,36,14.59,0
13897.0,42359.0,1.8,0.0251,0.078,0,6,14.5,0,36,4.69,1
16496.0,34666.0,2.3,0.4176,0.4442,0,9,2.9,1,36,10.13,1
9361.0,32505.0,6.4,0.2261,0.1799,0,7,6.9,1,36,9.48,0
24831.0,19102.0,2.6,0.0701,0.1299,1,12,13.7,0,36,8.73,1
2891.0,28479.0,3.0,0.7051,0.5652,0,13,11.4,1,60,17.29,0
5479.0,66385.0,2.7,0.2575,0.4055,0,6,16.6,1,36,13.37,0
22634.0,33015.0,17.8,0.0894,0.3992,1,7,36.5,0,60,9.72,0
12298.0,17679.0,13.3,0.0775,0.4655,0,5,11.4,1,36,9.74,0
6468.0,70772.0,4.4,0.2684,0.3825,0,5,7.1,0,36,9.19,1
11943.0,47341.0,7.0,0.5302,0.5833,0,1,11.6,2,36,16.49,2
18272.0,104198.0,9.8,0.2018,0.2173,1,6,23.8,0,36,11.91,0
6808.0,37469.0,11.3,0.278,0.3565,0,10,17.7,0,36,10.49,2
15093.0,28834.0,1.9,0.5814,0.5604,1,10,9.3,0,36,17.09,1
8849.0,17609.0,5.7,0.3828,0.3095,0,9,15.0,0,36,10.49,0
8896.0,70398.0,3.9,0.8846,0.2334,0,9,9.2,0,36,14.64,1
9136.0,131236.0,9.9,0.3142,0.1114,0,6,2.1,1,60,12.19,1
18553.0,24090.0,5.3,0.0511,0.4782,0,10,3.9,1,60,11.91,0
4865.0,26277.0,4.4,0.6392,0.1305,0,8,9.8,1,36,13.45,1
7640.0,48927.0,1.2,0.1973,0.6133,0,7,13.4,0,36,9.92,0
14174.0,23976.0,2.2,0.246,0.0821,0,14,24.4,0,60,9.02,1
4584.0,31721.0,3.0,0.2842,0.1324,0,8,20.0,1,36,8.37,0
3690.0,30488.0,8.5,0.0863,0.5229,0,10,18.5,1,36,11.43,0
13402.0,39974.0,2.8,0.4583,0.4221,1,7,5.0,2,36,14.82,1
9536.0,62781.0,3.4,0.692,0.3083,0,8,4.6,1,36,13.45,1
8722.0,36718.0,5.5,0.1543,0.5291,0,9,25.2,1,60,11.18,2
10377.0,57495.0,3.8,0.5194,0.5981,1,12,8.5,0,36,19.04,2
5317.0,29438.0,5.9,0.2715,0.4936,1,13,17.1,4,60,16.51,0
54694.0,42783.0,14.2,0.3191,0.564,0,11,9.3,1,36,13.81,1
5279.0,12468.0,3.1,0.796,0.177,0,6,25.3,2,60,14.05,0
7338.0,17589.0,5.9,0.2337,0.1623,1,10,22.1,1,60,11.99,0
4061.0,54066.0,3.1,0.5229,0.2496,2,10,2.9,1,60,13.05,0
7424.0,27036.0,5.8,0.3981,0.4471,1,14,8.5,1,36,13.35,1
23806.0,48531.0,2.3,0.2972,0.284,2,7,5.2,2,36,14.67,1
9637.0,47628.0,1.8,0.1626,0.2403,0,6,5.2,1,60,12.81,2
13614.0,70343.0,7.2,0.4244,0.2069,0,10,9.2,3,36,12.35,1
7129.0,54499.0,8.2,0.5302,0.5088,0,7,24.1,3,60,16.94,0
28277.0,60385.0,2.0,0.334,0.0966,0,15,6.5,1,60,9.93,1
10513.0,34343.0,1.6,0.1723,0.4631,1,11,13.1,0,36,8.69,1
4505.0,25613.0,1.3,0.5525,0.3871,0,7,3.3,1,60,14.96,0
15123.0,25190.0,2.8,0.5222,0.5037,0,8,5.4,2,36,18.82,1
7633.0,28452.0,22.1,0.2988,0.4789,0,8,18.4,1,60,13.46,1
13714.0,20642.0,1.5,0.4186,0.6004,2,10,33.5,0,36,14.55,1
10358.0,27620.0,11.0,0.1511,0.3424,0,4,12.1,0,36,9.22,0
11160.0,34673.0,1.2,0.2253,0.8768,1,12,4.0,2,36,16.82,0
10342.0,41184.0,10.8,0.3671,0.1946,0,7,11.4,1,60,9.75,0
5534.0,30655.0,2.5,0.2709,0.3671,0,6,7.0,0,36,10.86,0
3869.0,13879.0,11.3,0.3148,0.3283,0,7,7.0,2,36,11.45,0
17109.0,35026.0,3.7,0.4519,0.5669,0,14,15.6,3,36,15.83,0
8783.0,40647.0,19.0,0.2046,0.2845,0,11,19.5,1,36,9.68,2
11307.0,62457.0,9.7,0.3147,0.2193,0,16,5.7,0,60,10.2,1
7212.0,48481.0,8.0,0.1533,0.5639,2,6,6.0,2,36,15.27,1
2829.0,26324.0,6.1,0.1864,0.3292,1,7,14.3,0,36,9.76,1
4427.0,25289.0,1.4,0.1603,0.4137,0,7,9.8,1,36,12.97,0
22000.0,99240.0,3.8,0.2003,0.3769,0,9,3.6,1,60,9.28,2
5945.0,53014.0,8.2,0.1841,0.2598,0,13,14.2,0,60,9.93,2
7569.0,90737.0,2.2,0.2733,0.0811,0,6,13.2,0,60,11.82,0
3948.0,105316.0,4.5,0.2787,0.4867,0,13,11.2,1,36,14.38,0
6937.0,24124.0,2.2,0.8456,0.5032,0,11,6.5,1,36,17.18,1
7612.0,44030.0,7.2,0.3074,0.5272,0,17,8.6,0,36,12.67,1
8333.0,45665.0,18.8,0.0088,0.294,0,8,20.4,1,36,7.33,0
9104.0,48041.0,4.3,0.4209,0.3418,0,8,40.2,1,36,13.22,1
6514.0,47617.0,7.2,0.6609,0.6045,0,8,13.2,3,36,16.54,0
6739.0,40176.0,3.3,0.3872,0.1959,1,5,11.6,1,60,14.39,2
9433.0,39619.0,5.8,0.2758,0.1932,0,7,7.7,2,36,11.76,0
11541.0,17133.0,1.8,0.782,0.6663,0,9,11.6,1,36,16.88,0
8731.0,33433.0,9.8,0.2975,0.2069,1,13,13.1,0,36,12.26,1
27045.0,24989.0,7.2,0.5877,0.0733,0,7,4.2,0,60,10.89,1
10752.0,38679.0,23.2,0.2313,0.3915,1,8,16.7,2,60,13.57,1
10469.0,28745.0,10.2,0.3669,0.1258,0,7,22.6,2,36,10.46,1
6411.0,49477.0,5.2,0.3173,0.4039,0,6,10.3,0,36,10.41,0
17595.0,54696.0,10.2,0.2871,0.5162,1,7,5.6,0,36,14.19,1
5140.0,42376.0,6.3,0.7253,0.3895,0,4,10.1,0,36,17.68,1
3597.0,42535.0,5.4,0.9186,0.6839,0,5,12.0,0,60,20.87,0
5289.0,38043.0,10.7,0.3802,0.2954,0,8,15.8,0,36,12.79,0
13765.0,29030.0,0.9,0.1779,0.9115,0,10,12.3,2,36,14.96,0
4777.0,33448.0,0.9,0.3475,0.5765,0,10,14.0,1,60,14.67,0
20629.0,28344.0,5.1,0.4874,0.3189,0,11,8.8,0,36,12.16,0
9362.0,44090.0,6.1,0.0573,0.8936,0,12,4.0,0,36,11.78,1
3821.0,36573.0,13.1,0.2513,0.5836,0,12,11.5,1,36,12.25,1
8269.0,48564.0,6.0,0.6362,0.9148,0,13,10.5,3,36,21.01,2
27659.0,18689.0,4.8,0.5821,0.1639,0,7,15.7,2,36,14.3,0
5662.0,56607.0,10.2,0.6966,0.361,0,7,12.0,0,36,12.44,1
4323.0,24801.0,7.3,0.2283,0.0429,0,12,11.7,0,36,8.77,1
12898.0,25156.0,6.0,0.6317,0.5575,1,10,13.4,3,60,20.51,1
20765.0,32902.0,18.8,0.2669,0.2045,1,14,15.7,1,60,12.45,2
17448.0,27400.0,6.1,0.7719,0.1564,2,10,11.9,1,36,16.19,0
7786.0,42006.0,7.8,0.4904,0.156,1,6,7.2,1,36,13.41,0
10611.0,27253.0,6.9,0.5154,0.0349,1,6,20.3,0,36,12.07,2
11523.0,21274.0,1.2,0.1654,0.6351,1,6,14.8,2,36,15.45,0
19177.0,23792.0,1.6,0.4045,0.1756,1,4,9.1,1,60,13.58,0
34415.0,69982.0,1.7,0.2397,0.5774,0,9,8.6,0,36,11.24,1
8887.0,37128.0,4.8,0.6504,0.2545,0,11,13.7,1,36,15.53,1
20674.0,20257.0,7.7,0.2416,0.4384,0,14,6.4,1,36,8.91,0
7713.0,36468.0,12.7,0.4566,0.4745,0,13,15.5,1,60,11.02,1
13500.0,16681.0,0.5,0.3677,0.5741,0,7,15.2,0,36,13.86,0
5416.0,88857.0,4.0,0.5952,0.8015,1,16,18.7,2,60,16.14,0
5995.0,16946.0,18.8,0.3211,0.3575,1,11,7.3,1,60,15.28,1
12163.0,46137.0,22.2,0.5971,0.5821,1,8,24.3,1,36,17.27,1
5536.0,47658.0,9.1,0.1702,0.2534,1,4,8.1,1,60,11.26,1
16143.0,17588.0,21.7,0.2896,0.4148,0,9,2.4,0,60,12.93,0
6813.0,42198.0,3.4,0.6128,0.1535,1,9,3.5,2,36,18.2,0
9932.0,59790.0,1.4,0.1894,0.4238,1,7,13.2,1,36,12.38,1
9017.0,45880.0,4.6,0.315,0.6595,0,10,9.1,2,36,15.06,1
7762.0,41378.0,6.6,1.0396,1.0022,0,11,7.4,1,36,20.78,1
10256.0,58369.0,12.1,0.8454,0.3682,0,6,13.6,1,36,14.79,1
18116.0,39358.0,9.4,0.7264,0.0683,1,10,11.0,2,36,13.87,0
61093.0,42968.0,6.6,0.7769,0.5824,0,11,17.5,1,60,19.28,0
4651.0,34086.0,5.2,0.0492,0.4469,1,7,15.1,0,60,9.76,0
11352.0,49807.0,5.3,0.3052,0.1359,0,8,7.5,1,36,12.68,2
8533.0,22682.0,1.2,0.0438,0.1712,0,7,11.7,2,36,7.35,1
5481.0,53954.0,2.4,0.7871,0.2168,0,5,14.8,2,60,14.7,0
11258.0,28208.0,3.0,0.5104,0.1771,0,7,4.1,2,36,13.5,0
5596.0,21050.0,9.2,0.2234,0.2879,1,8,12.3,3,36,14.84,2
9047.0,43592.0,8.5,0.5511,0.4537,1,6,11.2,0,60,13.55,0
19948.0,84667.0,5.4,0.2052,0.2729,0,6,12.1,1,36,9.54,1
2820.0,58738.0,1.3,0.3133,0.3871,0,9,35.5,0,36,10.06,2
11000.0,28062.0,5.4,0.6195,0.6519,0,15,10.2,0,36,18.17,0
12396.0,51484.0,12.9,0.1952,0.5357,1,12,16.9,0,60,12.74,0
5338.0,28938.0,9.2,0.5048,0.2397,1,5,19.4,0,36,13.84,0
12983.0,34132.0,8.4,0.3927,0.5326,1,9,8.8,5,60,16.86,0
11708.0,37978.0,3.7,0.2859,0.0731,0,12,11.5,0,36,8.75,0
7690.0,11400.0,2.6,0.4765,0.7851,0,10,10.5,0,36,13.82,1
19619.0,39967.0,6.8,0.4678,0.3707,1,10,9.5,1,36,17.77,0
4327.0,21703.0,12.0,0.0814,0.3062,1,7,18.4,1,36,10.3,1
13946.0,25624.0,4.4,0.6613,0.5557,0,11,10.0,2,36,13.78,1
8241.0,17375.0,7.4,0.7621,0.4593,0,8,6.6,2,36,15.33,1
5030.0,17013.0,12.4,0.1276,0.3399,0,4,13.0,0,36,5.74,0
8523.0,22660.0,2.6,0.3673,0.2423,0,5,7.0,0,36,8.7,1
7689.0,54874.0,4.1,0.1436,0.6409,0,7,3.1,5,60,12.35,0
15496.0,83535.0,1.1,0.2131,0.5061,0,4,13.9,1,36,13.34,2
3866.0,35861.0,2.2,0.2271,0.0165,0,5,11.0,1,36,8.41,1
8436.0,62686.0,0.7,0.107,0.1437,0,7,4.6,1,36,6.68,0
7213.0,31825.0,4.5,0.5173,0.5923,0,4,15.6,0,36,17.13,0
24359.0,13961.0,10.7,0.6542,0.2956,0,6,8.4,0,36,12.87,0
4846.0,39142.0,7.3,0.3654,0.5787,0,9,4.7,1,36,16.06,0
17888.0,45380.0,5.8,0.9544,0.3056,0,7,13.4,0,36,15.97,0
3303.0,29310.0,7.2,0.5573,0.3449,1,10,18.0,2,36,15.88,0
11643.0,42240.0,1.3,0.1335,0.7517,0,10,15.2,0,36,12.56,0
8726.0,48353.0,2.0,0.0775,0.791,0,10,28.8,1,36,14.57,1
11872.0,23583.0,6.9,0.3747,0.5328,1,8,10.2,2,36,15.31,1
6204.0,17354.0,3.0,0.3337,0.3452,0,10,15.2,2,36,15.01,0
2933.0,32512.0,3.0,0.5097,0.0688,0,8,26.1,3,36,12.1,2
3739.0,32678.0,4.4,0.3111,0.7149,0,7,17.4,1,36,17.15,0
20757.0,30445.0,2.3,0.4448,0.5527,1,8,26.7,0,36,15.07,1
10727.0,59494.0,5.3,0.1357,0.4302,1,5,9.7,3,60,13.58,0
5617.0,86060.0,20.0,0.2205,0.6367,0,11,10.4,3,36,13.91,0
16178.0,29486.0,5.5,0.6495,0.1074,0,10,2.8,1,60,13.68,0
6027.0,51505.0,3.7,0.1508,0.2274,0,12,21.9,2,60,11.2,0
6046.0,58132.0,7.5,0.8146,0.3974,0,8,19.4,0,36,16.04,2
4548.0,51874.0,6.7,0.3512,0.5321,1,10,17.0,1,36,12.26,1
19076.0,61313.0,0.7,0.8899,0.2951,1,11,8.5,4,60,23.07,1
30539.0,29893.0,20.4,0.7512,0.1292,0,8,9.3,2,60,14.18,1
5274.0,52570.0,4.8,0.4665,0.5396,0,10,16.6,0,36,12.11,0
11180.0,99932.0,1.5,0.5345,0.431,0,9,24.3,1,36,12.69,1
16890.0,54276.0,9.2,0.6789,0.1208,0,7,9.3,0,36,13.88,1
33412.0,26637.0,8.5,0.6369,0.4891,0,9,7.1,1,36,14.27,1
2227.0,49210.0,21.2,0.212,0.3766,0,7,14.0,0,36,9.72,1
10211.0,68268.0,1.4,0.1577,0.334,2,9,3.3,0,60,14.13,0
13812.0,43673.0,12.8,0.0979,0.0612,1,6,10.6,1,60,10.54,2
3858.0,27400.0,10.3,0.2814,0.0736,1,5,7.1,0,36,10.13,2
11968.0,78554.0,1.7,0.1685,0.7501,0,11,21.2,2,36,12.07,2
10544.0,19441.0,13.9,0.4465,0.4495,0,14,21.3,0,60,12.57,0
14452.0,46710.0,3.5,0.5375,0.0554,1,15,5.6,1,36,13.89,1
6599.0,36023.0,1.7,0.4928,0.5336,2,7,16.9,2,60,16.13,1
12024.0,19994.0,7.6,0.2279,0.3547,0,9,19.7,0,60,9.06,0
6507.0,66818.0,1.2,0.1609,0.4602,0,5,4.7,1,36,11.87,0
13456.0,43215.0,5.1,0.7806,0.2391,0,5,14.9,1,36,14.79,0
10284.0,20264.0,4.9,0.739,0.3672,0,2,5.2,4,36,20.18,2
7459.0,49063.0,7.7,0.2034,0.3465,0,15,23.8,2,36,9.49,0
3999.0,29267.0,5.9,0.3585,0.2259,0,4,5.1,0,60,9.75,2
25129.0,14025.0,6.7,0.2015,0.1118,0,10,9.5,0,36,7.25,0
18184.0,25733.0,0.5,0.5963,0.7628,0,7,8.2,1,36,17.16,0
15847.0,41431.0,4.0,0.0488,0.1787,1,5,5.8,1,36,8.46,1
6274.0,49904.0,4.4,0.1159,0.2308,1,8,14.1,1,36,11.82,1
7575.0,39450.0,5.9,0.7881,0.2737,0,10,23.6,2,36,19.09,0
25460.0,37145.0,3.5,0.8961,0.7019,0,8,17.0,2,60,19.8,1
14611.0,45936.0,16.1,0.3349,0.7332,0,7,4.6,0,36,14.05,0
5608.0,32680.0,3.8,0.7653,0.1779,0,10,15.0,0,36,13.12,0
9614.0,65413.0,6.6,0.4813,0.4654,0,6,14.4,0,36,14.78,1
10181.0,39117.0,8.6,0.6504,0.1144,0,12,14.0,0,36,11.29,2
8298.0,42065.0,6.2,0.6483,0.3022,0,12,10.8,1,36,14.23,1
5312.0,47591.0,2.0,0.3659,0.4979,0,6,9.6,1,60,13.75,1
19873.0,21406.0,3.7,0.3568,0.4376,0,12,6.1,1,36,11.14,1
13336.0,25473.0,6.2,0.176,0.5944,0,9,7.1,1,36,12.99,0
8322.0,77986.0,2.7,0.1954,0.1991,1,10,12.9,2,36,11.45,0
3647.0,42944.0,8.4,0.9784,0.2747,1,10,19.5,2,36,19.73,0
6606.0,31530.0,5.9,0.292,0.6445,0,11,6.5,1,36,12.74,2
9355.0,43077.0,5.9,0.374,0.7402,1,11,22.4,2,36,14.76,1
15797.0,28544.0,1.4,0.4516,0.6393,0,6,5.9,1,60,15.69,0
7521.0,41743.0,4.4,0.5982,0.6833,0,7,24.3,0,36,15.75,0
18269.0,26032.0,3.5,0.3283,0.3558,0,5,11.7,0,36,11.32,1
10226.0,41690.0,8.2,0.2853,0.0648,0,5,3.0,0,36,8.4,1
6017.0,16501.0,3.0,0.6062,0.0971,0,16,15.8,1,36,13.63,1
1761.0,70648.0,4.0,0.0448,0.3408,0,8,21.8,1,60,8.61,2
4653.0,28100.0,3.8,0.5157,0.4784,0,9,8.3,3,60,16.16,0
3851.0,16471.0,9.7,0.3884,0.2681,0,5,4.5,2,60,15.1,0
8604.0,32470.0,2.1,0.5203,0.5844,0,8,8.6,2,36,15.24,2
11510.0,30167.0,2.9,0.5563,0.2236,1,6,5.9,1,36,15.0,1
21721.0,39191.0,1.7,0.1289,0.9462,0,7,16.5,2,36,13.81,0
9367.0,20483.0,8.2,0.1134,0.1314,0,7,2.2,0,60,8.26,1
4712.0,44300.0,2.2,0.3162,0.2886,1,6,5.8,0,36,11.45,0
38750.0,222300.0,5.5,0.4798,0.4307,0,4,10.7,3,60,16.45,1
11392.0,19162.0,9.0,0.2823,0.4945,0,8,31.1,0,60,10.61,1
8072.0,42996.0,1.4,0.1834,0.5439,1,5,19.3,1,60,12.37,1
8080.0,31090.0,6.2,0.3698,0.4226,0,7,12.0,1,36,15.05,0
4204.0,39987.0,6.3,0.587,0.2114,0,16,19.9,0,36,12.82,0
13862.0,14678.0,3.9,0.0728,0.3298,0,9,24.4,0,36,11.26,0
11849.0,20425.0,10.2,0.2123,0.3214,0,9,4.3,0,36,9.57,1
24575.0,45699.0,6.5,0.2685,0.493,0,6,18.5,0,36,9.76,1
18361.0,35625.0,8.3,0.6281,0.2035,1,14,15.5,0,60,13.99,2
15967.0,82258.0,12.8,0.3136,0.3661,1,8,32.2,1,36,13.61,1
20187.0,25530.0,9.6,0.5144,0.4275,0,9,19.3,1,36,13.68,1
8004.0,39626.0,9.1,0.4516,0.4613,0,6,9.6,3,36,13.16,1
7278.0,155836.0,3.2,0.5956,0.4207,0,10,6.5,2,36,12.97,1
9224.0,24766.0,6.8,0.0923,0.113,1,9,12.1,1,36,12.12,0
4502.0,23111.0,4.5,0.1236,0.4081,0,11,10.9,0,36,8.35,2
8731.0,35683.0,5.9,0.0785,0.0786,0,4,16.7,0,36,7.87,0
7811.0,35515.0,7.4,0.3131,0.0615,0,13,4.2,2,60,12.17,1
14228.0,55386.0,4.0,0.365,0.2067,0,7,6.9,0,36,11.81,1
9447.0,38746.0,3.4,0.3157,0.4864,0,13,30.6,0,36,7.04,1
3034.0,24875.0,2.7,0.3892,0.5797,0,5,9.2,3,36,12.99,1
9717.0,40365.0,5.1,0.3694,0.3913,0,7,6.1,1,36,10.43,0
22330.0,135849.0,5.3,0.4077,0.2652,0,10,12.1,1,60,12.87,0
3176.0,68589.0,1.8,0.0701,0.3572,0,6,9.1,0,36,7.95,1
6060.0,9035.0,1.1,0.2948,0.1622,0,10,13.2,1,60,8.44,2
9660.0,33826.0,5.7,0.2027,0.9574,0,12,22.1,2,36,15.98,1
4317.0,23446.0,5.8,0.4049,0.1815,1,9,5.6,3,36,15.38,0
6884.0,49570.0,1.7,0.2117,0.0996,1,7,11.9,2,36,11.29,1
9903.0,33302.0,3.7,0.3928,0.5095,0,10,13.2,0,60,10.49,0
4341.0,95449.0,4.3,0.6671,0.0663,0,8,10.7,2,36,14.41,0
11437.0,57851.0,12.2,0.4733,0.3731,2,6,6.2,0,36,13.49,1
12261.0,56681.0,14.9,0.5704,0.9605,0,9,6.4,2,36,18.19,1
4483.0,39866.0,3.0,0.3632,0.2579,0,8,16.8,3,36,13.53,1
9758.0,35591.0,7.0,1.0389,0.1848,0,5,12.0,1,36,17.48,0
18363.0,43049.0,9.4,0.6478,0.3623,0,10,12.9,2,36,15.19,0
8650.0,69400.0,15.2,0.8277,0.1727,0,11,7.4,1,36,15.08,0
12491.0,47439.0,1.6,0.3263,0.4113,0,9,14.1,0,60,12.3,0
14155.0,30468.0,3.6,0.1524,0.2138,0,9,10.9,1,36,9.56,2
8362.0,68703.0,6.6,0.4544,0.842,0,10,6.2,0,36,11.35,1
17371.0,39977.0,3.8,0.1437,0.1892,0,15,11.9,2,36,8.78,0
12142.0,34933.0,4.0,0.0735,0.0588,1,10,7.1,1,36,8.95,1
5321.0,24448.0,0.8,0.3919,0.2884,0,5,24.8,1,60,13.53,0
13201.0,27365.0,1.2,0.2426,0.1774,1,6,16.8,2,36,11.21,0
16223.0,26423.0,2.9,0.2231,0.6686,0,4,5.4,0,60,11.05,1
15659.0,8990.0,1.9,0.414,0.048,1,9,13.5,3,36,14.21,1
6569.0,60381.0,4.1,0.112,0.0695,0,9,8.6,2,36,7.35,1
12746.0,48206.0,21.8,0.4325,0.2707,0,6,5.3,2,36,13.99,1
22057.0,32626.0,2.9,0.4678,0.7856,0,9,2.2,2,36,15.52,0
11125.0,61267.0,4.1,0.5596,0.2333,0,17,8.0,0,60,12.65,0
19729.0,45206.0,1.1,0.8693,0.0581,2,9,8.7,2,36,18.61,1
21168.0,43730.0,1.6,0.5461,0.5999,0,9,4.0,1,60,15.85,0
9496.0,10537.0,6.5,0.5132,0.1414,0,12,13.3,0,60,13.05,0
14435.0,32322.0,6.8,0.434,0.6578,0,6,17.0,0,36,13.47,1
8162.0,47387.0,9.2,0.5544,0.4252,0,8,3.0,0,60,12.35,0
18454.0,81214.0,6.4,0.3137,0.4881,0,10,8.4,3,60,14.13,0
9211.0,91140.0,3.9,0.2812,0.5012,0,11,11.3,1,36,15.46,1
6996.0,74081.0,7.7,0.4111,0.3978,0,10,13.8,0,36,13.65,2
9586.0,20317.0,2.3,0.4695,0.1194,1,8,20.6,2,60,12.26,0
9323.0,12102.0,9.0,0.2162,0.4447,0,9,20.2,1,36,9.53,1
12253.0,48302.0,0.4,0.4166,0.6915,0,7,26.1,2,60,15.19,1
12885.0,36820.0,18.0,0.5431,0.912,0,11,4.9,0,36,14.18,1
4847.0,58764.0,3.1,0.172,0.16,0,6,10.3,0,36,6.54,1
6597.0,34100.0,7.2,0.1012,0.1448,0,11,13.9,1,60,10.2,1
12108.0,40533.0,5.1,0.6591,0.4925,0,7,24.8,1,60,17.22,1
13027.0,17154.0,8.5,0.3019,0.3138,0,15,1.3,0,36,11.99,0
10282.0,45433.0,1.4,0.1548,0.5068,1,9,6.3,1,36,14.85,2
47459.0,29073.0,6.1,0.2454,0.9797,0,8,17.7,1,36,11.85,0
19141.0,43260.0,7.3,0.2359,0.1077,0,13,2.3,0,36,8.98,1
9352.0,45693.0,7.3,0.6269,1.0319,0,8,27.1,2,36,18.46,0
15170.0,34248.0,1.4,0.4477,0.5611,0,9,28.0,2,36,16.51,1
21887.0,42549.0,12.5,0.1278,0.3204,0,9,27.5,2,36,9.17,0
12222.0,36069.0,4.8,0.3782,0.8677,1,12,14.8,0,36,16.44,1
3447.0,53082.0,12.9,0.6189,0.4228,2,9,3.6,1,60,18.57,0
10423.0,46671.0,6.4,0.7068,0.5852,0,8,8.3,0,36,17.33,0
10145.0,27623.0,2.6,0.5244,0.2708,0,4,15.6,0,36,14.71,0
35414.0,27066.0,2.4,0.5381,0.3467,1,7,2.1,1,60,17.16,1
3273.0,86844.0,4.5,0.2662,0.3229,0,8,8.8,0,60,10.52,0
24951.0,34517.0,0.5,0.7042,0.1454,1,6,10.9,2,36,13.72,0
8992.0,59629.0,6.3,0.6493,0.7958,0,15,3.2,0,36,17.24,1
17280.0,44209.0,3.6,0.051,0.4335,0,9,4.8,1,36,12.1,1
8300.0,27390.0,8.1,0.2114,0.171,0,5,10.0,0,60,10.69,1
10997.0,24972.0,2.4,0.1014,0.5017,0,12,5.9,0,36,6.94,1
19532.0,38564.0,3.8,0.5153,0.2365,0,13,8.7,0,36,10.66,1
10427.0,41288.0,1.1,0.6039,0.4315,0,10,10.9,1,36,15.78,1
18671.0,49374.0,2.3,0.6212,0.6933,0,11,7.6,2,60,18.19,1
9455.0,19274.0,4.6,0.0478,0.6376,0,8,31.0,1,60,11.21,1
7765.0,26975.0,3.6,0.3747,0.187,0,15,7.0,1,60,11.49,0
8713.0,34633.0,2.1,0.521,0.3786,0,7,6.8,2,60,13.39,0
7350.0,80852.0,2.5,0.2079,0.5746,0,8,5.0,2,60,13.69,1
9253.0,11158.0,4.8,0.1641,0.5626,0,13,22.9,3,36,15.9,0
22529.0,45232.0,1.3,0.1701,0.4309,0,12,27.1,2,36,11.85,1
4933.0,27722.0,14.1,0.4057,0.1535,2,8,11.8,0,36,10.47,1
3677.0,45057.0,4.3,0.2524,0.4333,0,5,14.9,2,60,11.45,2
9854.0,28396.0,11.0,0.3784,0.3748,1,11,11.6,0,36,13.64,0
27391.0,43577.0,5.2,0.3285,0.1642,0,10,7.7,1,36,11.58,1
18690.0,79405.0,9.3,0.4716,0.4989,0,12,6.3,4,36,15.32,2
22067.0,43352.0,6.6,0.6782,0.4045,1,5,15.2,0,60,14.46,0
21143.0,45103.0,10.6,0.4896,0.0607,1,10,4.1,0,60,12.24,0
6449.0,43758.0,10.4,0.5955,0.5903,0,6,25.8,2,36,16.93,2
10731.0,24955.0,3.9,0.3117,0.6617,0,14,13.0,2,36,14.62,0
2026.0,47644.0,2.3,0.2197,0.3304,0,8,5.0,0,60,9.95,1
6940.0,32723.0,4.4,0.2122,0.0912,0,10,17.7,0,36,8.43,0
14409.0,24201.0,1.8,0.6411,0.3493,0,9,7.0,1,60,13.62,2
3934.0,35622.0,5.3,0.012,0.4645,1,9,19.3,1,60,8.06,1
2909.0,32414.0,2.5,0.512,0.2774,0,7,26.6,0,60,10.42,1
4597.0,52931.0,8.6,0.3837,0.4062,0,13,3.6,1,60,12.11,1
11437.0,35546.0,4.5,0.4725,0.3248,0,10,5.2,1,36,14.15,1
20228.0,27869.0,3.9,0.6807,0.161,0,9,8.0,1,36,12.56,0
47449.0,75206.0,3.2,0.4401,0.6184,0,7,15.0,1,60,17.54,2
23738.0,59528.0,8.6,0.4269,0.3164,0,7,11.5,0,36,11.51,0
4055.0,68519.0,3.8,0.5882,0.4614,1,4,6.4,1,36,14.88,0
2505.0,49209.0,6.0,0.4871,0.1866,0,13,6.1,2,36,14.23,0
11041.0,34377.0,11.2,0.4765,0.2742,0,12,4.4,2,36,15.34,0
19077.0,29450.0,8.5,0.2748,0.3409,1,12,15.3,2,36,15.56,0
3831.0,31582.0,2.5,0.7742,0.7007,1,12,9.2,1,36,20.47,0
7401.0,58328.0,6.3,0.2529,0.3425,0,9,14.1,1,36,11.98,1
7740.0,38405.0,10.9,0.5506,0.3169,0,9,5.1,2,36,13.96,1
10363.0,17302.0,4.6,0.3675,0.4123,1,10,5.7,1,36,14.07,0
9127.0,35613.0,2.9,0.2307,0.2428,0,5,10.2,0,36,10.02,2
13878.0,17889.0,2.9,0.1523,0.3206,0,10,8.5,1,60,9.07,0
19228.0,39456.0,5.0,0.0477,0.3258,0,6,7.9,1,60,9.86,0
10656.0,19892.0,19.4,0.1661,0.3487,0,11,24.5,2,36,8.47,0
16030.0,19303.0,7.8,0.2558,0.2046,0,15,5.6,1,36,9.33,2
33827.0,38534.0,3.2,0.6164,0.4708,1,8,16.8,2,36,16.5,2
5546.0,34923.0,10.2,0.6681,0.0332,0,6,9.1,1,36,13.1,0
5467.0,15821.0,1.6,0.6193,0.2919,0,23,10.8,2,60,15.61,0
13928.0,52792.0,3.6,0.1255,0.8038,0,6,7.6,1,36,13.32,0
31213.0,107103.0,7.5,0.4904,0.3297,0,8,9.1,1,36,13.65,1
11366.0,17315.0,4.0,0.5294,0.0482,0,8,11.8,1,36,9.7,0
19831.0,90213.0,14.5,0.1876,0.265,0,8,19.9,0,36,12.53,0
8563.0,25748.0,12.9,0.1431,0.8465,0,6,12.1,3,36,14.03,1
17868.0,28366.0,1.0,0.4491,0.3776,1,18,2.1,2,36,16.95,0
7088.0,33208.0,6.4,0.4933,0.3875,0,4,7.8,2,36,14.76,0
15491.0,17630.0,1.9,0.503,0.1699,0,12,20.4,0,36,11.78,1
13116.0,69533.0,1.8,0.7358,0.2104,0,6,8.8,0,36,13.51,0
13125.0,46460.0,1.7,0.2976,0.2638,1,14,23.9,1,36,12.18,0
23689.0,24941.0,3.0,0.1563,0.2793,0,7,0.7,0,36,6.69,1
19708.0,31617.0,3.9,0.15,0.3901,0,10,2.4,1,60,9.95,0
7260.0,17014.0,12.1,0.256,0.8289,1,7,24.8,5,36,21.76,1
17711.0,30520.0,7.7,0.1551,0.0939,0,9,3.3,0,36,8.98,0
3762.0,57995.0,6.4,1.0218,0.1935,0,9,8.6,1,60,16.28,0
18902.0,15404.0,5.7,0.3849,0.3888,0,10,23.2,2,36,12.78,0
54441.0,29199.0,2.0,0.1672,0.5536,0,10,9.3,1,36,10.9,2
14399.0,39081.0,3.4,0.1894,0.6646,0,11,14.9,2,36,13.02,0
14226.0,61336.0,9.4,0.6645,0.6816,0,9,21.7,0,36,18.02,0
10912.0,71301.0,7.8,0.4095,0.3631,0,12,6.7,1,60,13.4,2
17335.0,28894.0,7.0,0.5293,0.3364,0,12,12.2,1,36,12.77,1
8040.0,25081.0,1.2,0.3385,0.1837,0,5,5.6,1,60,7.7,1
15791.0,45488.0,7.0,0.3461,0.3629,0,9,14.5,1,36,14.58,1
8983.0,30284.0,0.7,0.1202,0.7339,0,5,14.1,0,36,13.15,0
8209.0,31101.0,1.7,0.5404,0.4672,1,11,22.5,3,36,17.2,1
11423.0,62323.0,7.8,0.3291,0.185,1,12,12.5,1,60,12.61,1
10241.0,84531.0,3.7,0.1355,0.1458,0,8,10.0,1,36,8.29,0
3751.0,41479.0,11.0,0.0838,0.4211,1,8,5.8,0,36,9.48,0
36977.0,32988.0,0.9,0.7697,0.2135,0,6,14.3,2,36,19.47,0
11579.0,48321.0,7.8,0.1134,0.2481,0,10,4.8,2,36,6.58,0
3851.0,14133.0,12.8,0.4796,0.3226,0,7,21.6,1,36,12.6,1
20345.0,35986.0,14.8,0.8077,0.3958,1,5,11.8,1,36,18.27,1
10480.0,21369.0,5.8,0.6477,0.3857,0,10,21.8,0,60,14.94,1
12055.0,119936.0,15.3,0.5485,0.9341,0,7,11.5,1,60,17.4,0
16301.0,52057.0,2.3,0.2769,0.0931,1,13,15.6,1,36,10.68,1
6234.0,38975.0,3.4,0.289,0.2175,0,4,10.2,0,36,10.39,1
1824.0,32952.0,7.9,0.1976,0.7433,0,6,6.1,2,36,12.2,1
10048.0,10327.0,2.2,0.1388,0.4787,0,9,11.3,1,36,9.28,1
12337.0,51865.0,6.8,0.1622,0.3167,0,6,9.2,1,36,11.05,1
19473.0,82017.0,8.3,0.13,0.3686,0,8,19.4,1,36,9.03,1
6775.0,25225.0,16.6,0.4549,0.3766,0,4,10.4,2,36,15.01,1
9092.0,51108.0,6.6,0.1527,0.4582,0,10,1.9,1,60,12.62,0
13559.0,52118.0,2.3,0.6166,0.1529,1,19,6.2,2,36,17.39,0
8826.0,16746.0,6.0,0.6801,0.4435,0,7,26.5,2,60,18.13,0
9187.0,57981.0,12.4,0.4889,0.1189,0,5,18.3,2,36,11.18,1
12433.0,71496.0,1.9,0.4687,0.5308,0,8,25.1,1,36,14.3,0
5870.0,40710.0,9.0,0.3774,1.0198,0,7,14.0,1,36,16.3,1
27601.0,35186.0,6.5,0.1592,0.3209,0,17,7.7,0,36,10.95,0
6134.0,53851.0,11.1,0.3206,0.2023,0,8,17.1,1,60,10.47,0
10901.0,16808.0,7.7,0.2336,0.3541,0,8,19.5,3,36,14.65,2
8752.0,38049.0,8.7,0.5218,0.5056,0,10,9.8,0,36,13.98,0
6973.0,61523.0,10.6,0.2159,0.644,0,12,11.1,0,60,13.82,0
14699.0,19512.0,11.2,0.4185,0.4361,0,9,19.2,2,60,14.18,1
19554.0,59652.0,2.2,0.8069,0.8187,1,12,9.4,0,60,19.56,0
25529.0,29463.0,8.1,0.6655,0.3027,0,8,14.6,1,36,13.03,0
15109.0,12831.0,5.7,0.2605,0.8953,0,11,14.1,0,36,13.16,0
8141.0,34445.0,7.7,0.4037,0.3174,0,8,12.6,0,36,13.91,1
17873.0,22338.0,14.9,0.6819,0.2483,0,12,5.2,1,36,16.72,1
4476.0,42601.0,5.9,0.6183,0.1199,0,12,8.6,1,60,9.6,2
10962.0,20210.0,1.5,0.4718,0.2359,0,6,14.0,2,60,16.81,0
14557.0,61398.0,1.7,0.1507,0.0947,0,8,14.5,1,36,11.32,1
14918.0,25099.0,10.3,0.4554,0.6376,1,8,10.2,2,36,15.67,0
5323.0,43398.0,3.4,0.3949,0.295,0,9,18.4,1,60,13.25,0
4321.0,26984.0,5.6,0.4212,0.597,2,10,18.9,1,60,17.99,1
28739.0,30901.0,6.9,0.2927,0.3494,1,8,5.5,0,60,8.19,1
7794.0,65899.0,6.5,0.3321,0.479,0,7,17.3,1,60,12.44,1
3939.0,40443.0,5.1,0.3499,0.6881,0,6,19.7,2,36,15.1,1
5026.0,29807.0,15.4,0.3856,0.2087,1,10,14.8,0,60,11.63,1
10648.0,19424.0,8.8,0.1537,0.3218,0,8,6.2,2,60,8.85,0
21419.0,64859.0,3.4,0.4743,0.5158,0,9,15.1,1,36,13.97,2
10523.0,52387.0,2.4,0.1997,0.86,1,8,10.7,1,36,15.78,1
21639.0,30845.0,3.0,0.4837,0.454,0,10,7.2,0,36,13.7,0
